{
  "AUC": 0.9986160875133333,
  "accuracy": 0.9913537446221963,
  "cls_loss": 0.052232345854543165,
  "mAP": 0.9984675967480472,
  "step": 25
}
